time_us,output_euler_abs2,output_rk4_abs2
0.0,5342205.466942721,5342205.466942721
0.006674082313681869,1110717559.9314358,21657911862.41077
0.013348164627363738,41920629013.9678,1.73393634390392e+18
0.02002224694104561,251574137818.1459,5.10476025401845e+19
0.026696329254727477,151975744378816.38,8.352928973545611e+19
0.03337041156840934,1.7585264008560563e+17,3.1997743229055947e+19
0.04004449388209122,2.343070300172847e+19,7.980295045378242e+18
0.04671857619577308,3.1038249562138602e+22,8.962225251451165e+18
0.05339265850945495,3.140027570732818e+24,2.3053260220563057e+18
0.06006674082313682,5.445518935879728e+27,6.702305063866303e+18
0.06674082313681869,4.0735503192643144e+29,6.139023054821622e+17
0.07341490545050056,9.487225906840539e+32,8.645600113283673e+18
0.08008898776418244,5.068923631900941e+34,1.5401680826487734e+18
0.0867630700778643,1.6419037816430006e+38,8.594322302764128e+17
0.09343715239154617,5.963013798905263e+39,3.458384010044425e+18
0.10011123470522802,2.823483869724727e+43,2.026189273218854e+17
0.1067853170189099,6.473678324030793e+44,1.6684547035012754e+18
0.11345939933259178,4.825529336636978e+48,3.8271758514365563e+18
0.12013348164627365,6.202423426818701e+49,8.948479097597289e+17
0.1268075639599555,8.197750698882498e+53,5.877613044285556e+16
0.13348164627363737,4.7529849479906035e+54,1.4601757405556198e+18
0.14015572858731926,1.384458343789369e+59,1.3006517032420882e+18
0.1468298109010011,2.1568828266176733e+59,1175937330811.5332
0.153503893214683,2.3244735231709358e+64,9.149587497169485e+17
0.16017797552836488,2.2389988167319638e+62,2.5558786679123686e+18
0.1668520578420467,3.880007290052448e+69,1.2397317652492902e+18
0.1735261401557286,4.276074350890565e+69,8.650470651905816e+16
0.18020022246941048,6.4385395484811e+74,2.3835681061579782e+17
0.18687430478309233,3.1254032992004878e+75,9.228421000952419e+17
0.19354838709677422,1.0620684951288186e+80,5.5917300789792166e+17
0.20022246941045604,1.2060820728596346e+81,4244639106358256.0
0.20689655172413793,1.7412877316673963e+85,4.043925284494668e+17
0.2135706340378198,3.6172653718060256e+86,1.4309911094386993e+18
0.22024471635150167,2.837015663353584e+90,1.4699676904447729e+18
0.22691879866518355,9.464004466733072e+91,6.123002960212093e+17
0.2335928809788654,4.5922159435541374e+95,3.217125527667407e+16
0.2402669632925473,2.2715977185359397e+97,1.5110078943620784e+17
0.24694104560622915,7.382808573165366e+100,5.417744768292712e+17
0.253615127919911,5.136479047167905e+102,4.875633593934302e+17
0.2602892102335929,1.1784156976745264e+106,7.074687355821449e+16
0.26696329254727474,1.1114393296381592e+108,1.5002035154351866e+17
0.27363737486095663,1.866622664539189e+111,8.263608616895882e+17
0.2803114571746385,2.3246006395098438e+113,1.2320974602364877e+18
0.28698553948832034,2.932630353574631e+116,9.223212146201416e+17
0.2936596218020022,4.731562828099905e+118,2.2059439227825347e+17
0.3003337041156841,4.566801747305868e+121,6876353467515700.0
0.307007786429366,9.417643746828008e+123,6.257892770344684e+16
0.3136818687430478,7.043206724208528e+126,2.8253038868826886e+17
0.32035595105672976,1.8394515295274776e+129,3.657836636775918e+17
0.3270300333704116,1.0747419319459945e+132,1.511361409828851e+17
0.3337041156840934,3.535001635678522e+134,503780316097356.75
0.34037819799777536,1.6206410856917446e+137,2.597649864419297e+17
0.3470522803114572,6.697694033988215e+139,6.732707059208767e+17
0.35372636262513907,2.4113678546708016e+142,1.1097083392122374e+18
0.36040044493882095,1.2530852632751843e+145,6.849366588846469e+17
0.3670745272525028,3.533526645365268e+147,2.1731556723983798e+17
0.37374860956618466,2.3179084241409152e+150,4.337232462636562e+16
0.38042269187986655,5.087013309460188e+152,3.518754567317142e+16
0.38709677419354843,4.243290032072851e+155,1.9484359671972182e+17
0.39377085650723026,7.172014746347329e+157,2.7656590050281523e+17
0.4004449388209121,7.693863355649865e+160,1.579241645596522e+17
0.40711902113459403,9.860126949461549e+162,2324324858971941.0
0.41379310344827586,1.3826035093696968e+166,3.6784624197797176e+16
0.42046718576195774,1.3140386927909484e+168,3.32379000811371e+17
0.4271412680756396,2.4636719437785196e+171,6.235603590611327e+17
0.43381535038932145,1.6830573459153707e+173,8.146893719571099e+17
0.44048943270300334,4.3548655268832333e+176,5.0449481766413414e+17
0.4471635150166852,2.0450595440544442e+178,3.779191576681097e+17
0.4538375973303671,7.638515857457709e+181,1.7701635372628352e+16
0.46051167964404893,2.307978306227793e+183,7448733266736910.0
0.4671857619577308,1.3298041228563725e+187,1.1852823330795955e+17
0.4738598442714127,2.3288800477952994e+188,2.2066663631859373e+17
0.4805339265850946,2.298175279212834e+192,1.62536223007474e+17
0.4872080088987764,1.9402638729436074e+193,3.610709894385005e+16
0.4938820912124583,3.9431265129394704e+197,4615089975181477.0
0.5005561735261402,1.0720533741694576e+198,9.384209118635242e+16
0.507230255839822,6.717078995206304e+202,5.070199827415983e+17
0.5139043381535039,1.1017165848921976e+202,4.8061465633642394e+17
0.5205784204671858,1.136052132388641e+208,6.957355848987593e+17
0.5272525027808677,7.927014619318564e+207,3.473402348396795e+17
0.5339265850945495,1.907506592104079e+213,1.8442125542144054e+17
0.5406006674082314,8.263025042849096e+213,3.2417692835795732e+16
0.5472747497219133,3.1792984634013466e+218,4301499250156711.5
0.5539488320355951,3.55184226736219e+219,9535092714362778.0
0.560622914349277,5.259153360584112e+223,1.9350609035458067e+17
0.5672969966629589,1.1267393286258206e+225,1.7345536857486266e+17
0.5739710789766407,8.63204555391101e+228,6.054180121757882e+16
0.5806451612903226,3.0567921685349076e+230,3.5066401876319028e+16
0.5873192436040044,1.4053620799085161e+234,4.449494000948481e+16
0.5939933259176864,7.532311926593481e+235,1.2847697239020387e+17
0.6006674082313682,2.268650317532384e+239,4.6886562839202445e+17
0.60734149054505,1.7381255425672017e+241,4.521402728233927e+17
0.614015572858732,3.629435382444937e+244,6.294509007294276e+17
0.6206896551724138,3.822832982729525e+246,3.227029566956625e+17
0.6273637374860956,5.750975184745355e+249,1.0602773467973451e+17
0.6340378197997776,8.103271147377804e+251,7.046079244421479e+16
0.6407119021134595,9.018919170431407e+254,1.9933575170303144e+16
0.6473859844271412,1.6677484790198103e+257,4147550410191552.5
0.6540600667408232,1.3985709195869778e+260,1.1229590962376934e+17
0.6607341490545051,3.350073296349115e+262,9.503088787430787e+16
0.6674082313681868,2.1421272862328765e+265,8.058849965582752e+16
0.6740823136818688,6.5928072581618555e+267,1.8298697625317336e+16
0.6807563959955507,3.236167287278631e+270,219106715972435.2
0.6874304783092324,1.274679563700073e+273,5.761754117461848e+16
0.6941045606229144,4.8136849661167584e+275,1.9323293321221485e+17
0.7007786429365963,2.426485418185206e+278,4.071027763082357e+17
0.7074527252502781,7.034084213260359e+280,4.8170422416600045e+17
0.71412680756396,4.555353107564547e+283,5.0299085229982266e+17
0.7208008898776419,1.0068044694842924e+286,2.5193943017547158e+17
0.7274749721913237,8.445009119752378e+288,1.2384164390139283e+17
0.7341490545050056,1.4060052006331266e+291,4.282894754589481e+16
0.7408231368186875,1.5476024910493676e+294,5360446113098877.0
0.7474972191323693,1.9054184045561993e+296,3.3553283869402364e+16
0.7541713014460512,2.8057891959545965e+299,6.131073489918287e+16
0.7608453837597331,2.4866374905365613e+301,1.2415782878395512e+17
0.7675194660734149,5.035798494801655e+304,6.205671450304934e+16
0.7741935483870969,3.089224939561326e+306,1.565921580012014e+16
0.7808676307007786,inf,26419362397276.234
0.7875417130144605,inf,7.457751020679075e+16
0.7942157953281425,inf,2.136733099984873e+16
0.8008898776418242,inf,3.5828043814263107e+18
0.8075639599555061,inf,3.749524363575448e+18
0.8142380422691881,inf,4.1765628576958525e+18
0.8209121245828698,inf,2.0378901970376466e+18
0.8275862068965517,inf,2.653361621462172e+18
0.8342602892102337,inf,1.7806730856949496e+18
0.8409343715239155,inf,2.2944200665811005e+17
0.8476084538375973,inf,1.8130464268135537e+19
0.8542825361512792,inf,6.169481932598934e+18
0.8609566184649611,inf,3.679466840849895e+18
0.8676307007786429,inf,1.1920105332069214e+17
0.8743047830923248,inf,4.3123914024408294e+17
0.8809788654060067,inf,7.343745511717406e+18
0.8876529477196886,inf,5.606630320150169e+16
0.8943270300333704,inf,1.5458865017396713e+19
0.9010011123470523,inf,6146268839123794.0
0.9076751946607342,inf,4.3473477947208847e+18
0.914349276974416,inf,1.1750308682581688e+18
0.9210233592880979,inf,2.0369856131677092e+18
0.9276974416017798,inf,2.83391460652504e+18
0.9343715239154616,inf,3.84302903240253e+16
0.9410456062291435,inf,2.4545726811439683e+18
0.9477196885428254,inf,3.494661548824359e+17
0.9543937708565072,inf,4.5351028691323904e+17
0.9610678531701892,inf,1.9211491069815587e+17
0.967741935483871,inf,6.028613493057971e+17
0.9744160177975528,inf,2.0592523221774806e+17
0.9810901001112348,inf,7268426591546698.0
0.9877641824249166,inf,2.457055845895102e+18
0.9944382647385984,inf,2.848601352787859e+18
1.0011123470522805,inf,5.7958969015670024e+16
1.0077864293659622,inf,4.830555209798933e+17
1.014460511679644,inf,3.721700173756608e+17
1.021134593993326,inf,9.838785597546675e+16
1.0278086763070078,inf,2.5998236072896784e+16
1.0344827586206895,inf,5.332806914166983e+17
1.0411568409343717,inf,8.439077188846966e+16
1.0478309232480534,inf,9.916105579158582e+17
1.0545050055617353,inf,1.6800195404560618e+17
1.0611790878754173,inf,4.192846012670026e+18
1.067853170189099,inf,2.4632500714778204e+18
1.074527252502781,inf,1.557805005912997e+16
1.0812013348164629,inf,2.8157017882830922e+17
1.0878754171301446,inf,1.913391234514499e+17
1.0945494994438265,inf,1.4236140284120678e+18
1.1012235817575085,inf,4.4820824033025295e+18
1.1078976640711902,inf,9.922831570180975e+18
1.114571746384872,inf,1.8008516972185295e+19
1.121245828698554,inf,2.9170116645246054e+19
1.1279199110122358,inf,4.3892228700812075e+19
1.1345939933259177,inf,6.2718707486165795e+19
1.1412680756395996,inf,8.625880306197001e+19
1.1479421579532814,inf,1.151938400601347e+20
1.1546162402669633,inf,1.5028447362961808e+20
1.1612903225806452,inf,1.9237856179116474e+20
1.1679644048943272,inf,2.4241969508828948e+20
1.174638487208009,inf,3.014564259233419e+20
1.1813125695216908,inf,3.706522413850226e+20
1.1879866518353728,inf,4.5129632468583036e+20
1.1946607341490545,inf,5.448151515118143e+20
1.2013348164627364,inf,6.527849686176764e+20
1.2080088987764184,inf,7.769452028507402e+20
1.2146829810901,inf,9.192128494293233e+20
1.221357063403782,inf,1.0816978887036189e+21
1.228031145717464,inf,1.266719780758187e+21
1.2347052280311457,inf,1.476825087040487e+21
1.2413793103448276,inf,1.7148062676836145e+21
1.2480533926585096,inf,1.9837217022963414e+21
1.2547274749721913,inf,2.286916980680939e+21
1.2614015572858732,inf,2.6280475081693064e+21
1.2680756395995552,inf,3.011102467999281e+21
1.2747497219132369,inf,3.440430180344575e+21
1.281423804226919,inf,3.920764894221488e+21
1.2880978865406008,inf,4.4572550444792645e+21
1.2947719688542825,inf,5.055493001401009e+21
1.3014460511679646,inf,5.721546335050621e+21
1.3081201334816464,inf,6.46199061036464e+21
1.314794215795328,inf,7.28394372206225e+21
1.3214682981090102,inf,8.195101770697574e+21
1.328142380422692,inf,9.203776472571703e+21
1.3348164627363737,inf,1.0318934086726042e+22
1.3414905450500558,inf,1.1550235831825913e+22
1.3481646273637375,inf,1.2908079754393483e+22
1.3548387096774193,inf,1.4403643997542475e+22
1.3615127919911014,inf,1.6048931406092322e+22
1.3681868743047831,inf,1.785681538969356e+22
1.3748609566184649,inf,1.98410869503808e+22
1.381535038932147,inf,2.201650276479246e+22
1.3882091212458287,inf,2.4398834194182327e+22
1.3948832035595105,inf,2.7004917077322125e+22
1.4015572858731926,inf,2.9852702142496365e+22
1.4082313681868743,inf,3.2961305855072647e+22
1.4149054505005563,inf,3.6351061496653884e+22
1.4215795328142382,inf,4.004357025065508e+22
1.42825361512792,inf,4.406175204738997e+22
1.4349276974416019,inf,4.842989589949286e+22
1.4416017797552838,inf,5.317370943586133e+22
1.4482758620689655,inf,5.832036731941116e+22
1.4549499443826475,inf,6.389855821092058e+22
1.4616240266963294,inf,6.993852991827715e+22
1.4682981090100111,inf,7.647213234768797e+22
1.474972191323693,inf,8.353285785105486e+22
1.481646273637375,inf,9.115587854195097e+22
1.4883203559510567,inf,9.937808013169961e+22
1.4949944382647387,inf,1.0823809181710877e+23
1.5016685205784206,inf,1.1777631173277154e+23
1.5083426028921023,inf,1.2803492746369403e+23
1.5150166852057843,inf,1.3905793109862184e+23
1.5216907675194662,inf,1.5089112829108768e+23
1.5283648498331481,inf,1.635821407841484e+23
1.5350389321468298,inf,1.7718040184627083e+23
1.5417130144605116,inf,1.9173714406020793e+23
1.5483870967741937,inf,2.073053789041518e+23
1.5550611790878754,inf,2.239398675653263e+23
1.5617352614015572,,2.4169708243071007e+23
1.5684093437152393,,2.606351587079995e+23
1.575083426028921,,2.808138356425397e+23
1.5817575083426028,,3.022943868129639e+23
1.588431590656285,,3.251395390098786e+23
1.5951056729699666,,3.494133792284008e+23
1.6017797552836484,,3.7518124933677545e+23
1.6084538375973305,,4.0250962801985536e+23
1.6151279199110122,,4.314659996380685e+23
1.621802002224694,,4.621187096896589e+23
1.6284760845383761,,4.9453680661651935e+23
1.6351501668520578,,5.2878986975189444e+23
1.6418242491657395,,5.6494782327154136e+23
1.6484983314794217,,6.030807360784917e+23
1.6551724137931034,,6.432586076253252e+23
1.6618464961067854,,6.855511397565666e+23
1.6685205784204673,,7.30027494737254e+23
1.675194660734149,,7.767560397217036e+23
1.681868743047831,,8.258040780084769e+23
1.688542825361513,,8.77237567523399e+23
1.6952169076751946,,9.311208270715455e+23
1.7018909899888766,,9.875162310009585e+23
1.7085650723025585,,1.046483893024987e+24
1.7152391546162402,,1.1080813400558933e+24
1.7219132369299222,,1.1723631770090267e+24
1.728587319243604,,1.2393807436439117e+24
1.7352614015572858,,1.3091817646149923e+24
1.7419354838709677,,1.3818099940102594e+24
1.7486095661846497,,1.4573048557586914e+24
1.7552836484983314,,1.5357010813881233e+24
1.7619577308120133,,1.6170283467111918e+24
1.7686318131256953,,1.7013109091087802e+24
1.7753058954393772,,1.7885672471664445e+24
1.781979977753059,,1.8788097044986426e+24
1.7886540600667409,,1.9720441396677675e+24
1.7953281423804228,,2.0682695841684836e+24
1.8020022246941045,,2.167477910502383e+24
1.8086763070077865,,2.2696535124123267e+24
1.8153503893214684,,2.3747729993791555e+24
1.8220244716351501,,2.4828049075053134e+24
1.828698553948832,,2.593709428919306e+24
1.835372636262514,,2.7074381618311434e+24
1.8420467185761957,,2.823933883351787e+24
1.8487208008898777,,2.943130347158194e+24
1.8553948832035596,,3.064952108039607e+24
1.8620689655172413,,3.1893143753001213e+24
1.8687430478309233,,3.3161228969167976e+24
1.8754171301446052,,3.445273876261675e+24
1.882091212458287,,3.576653923090092e+24
1.8887652947719689,,3.710140040376824e+24
1.8954393770856508,,3.845599648445767e+24
1.9021134593993325,,3.9828906476889847e+24
1.9087875417130145,,4.121861521007122e+24
1.9154616240266962,,4.262351476926155e+24
1.9221357063403783,,4.404190634156083e+24
1.9288097886540603,,4.547200248156248e+24
1.935483870967742,,4.69119298006065e+24
1.9421579532814237,,4.835973208095686e+24
1.9488320355951056,,4.981337381394015e+24
1.9555061179087878,,5.127074415872523e+24
1.9621802002224695,,5.27296613160138e+24
1.9688542825361515,,5.418787730846477e+24
1.9755283648498332,,5.564308315720432e+24
1.982202447163515,,5.70929144413005e+24
1.9888765294771968,,5.853495722461795e+24
1.995550611790879,,5.996675433203597e+24
2.002224694104561,,6.138581195462799e+24
2.0088987764182424,,6.27896065610833e+24
2.0155728587319244,,6.417559209041354e+24
2.0222469410456063,,6.554120739885623e+24
2.028921023359288,,6.688388393187063e+24
2.03559510567297,,6.820105359024398e+24
2.042269187986652,,6.94901567575977e+24
2.0489432703003336,,7.074865045502661e+24
2.0556173526140156,,7.197401658722355e+24
2.0622914349276975,,7.316377024326202e+24
2.068965517241379,,7.431546801423384e+24
2.0756395995550614,,7.542671628918106e+24
2.0823136818687433,,7.649517949023105e+24
2.088987764182425,,7.751858820754973e+24
2.0956618464961068,,7.849474719466895e+24
2.1023359288097887,,7.942154318493673e+24
2.1090100111234706,,8.029695249027187e+24
2.1156840934371526,,8.111904834408768e+24
2.1223581757508345,,8.188600795117831e+24
2.129032258064516,,8.259611920852841e+24
2.135706340378198,,8.324778706241503e+24
2.14238042269188,,8.383953946880456e+24
2.149054505005562,,8.437003292590304e+24
2.1557285873192438,,8.483805754978103e+24
2.1624026696329257,,8.524254166625706e+24
2.169076751946607,,8.558255589466228e+24
2.175750834260289,,8.585731670172134e+24
2.182424916573971,,8.606618940653959e+24
2.189098998887653,,8.620869062057602e+24
2.195773081201335,,8.628449010948098e+24
2.202447163515017,,8.629341206676707e+24
2.2091212458286984,,8.623543579244198e+24
2.2157953281423803,,8.611069577293892e+24
2.2224694104560627,,8.591948116191252e+24
2.229143492769744,,8.566223466470468e+24
2.235817575083426,,8.533955083249971e+24
2.242491657397108,,8.495217377536426e+24
2.2491657397107896,,8.450099430647603e+24
2.2558398220244715,,8.398704653287316e+24
2.262513904338154,,8.34115039109747e+24
2.2691879866518354,,8.277567478791727e+24
2.2758620689655173,,8.208099745240331e+24
2.2825361512791993,,8.132903472124422e+24
2.289210233592881,,8.052146809009247e+24
2.2958843159065627,,7.966009147897421e+24
2.302558398220245,,7.874680460514522e+24
2.3092324805339266,,7.778360601748904e+24
2.3159065628476085,,7.677258582814192e+24
2.3225806451612905,,7.571591817826534e+24
2.329254727474972,,7.461585347587606e+24
2.3359288097886544,,7.347471044439461e+24
2.3426028921023363,,7.22948680210729e+24
2.349276974416018,,7.107875714471613e+24
2.3559510567296997,,6.98288524721249e+24
2.3626251390433817,,6.854766406244943e+24
2.369299221357063,,6.723772906818056e+24
2.3759733036707456,,6.590160347080454e+24
2.3826473859844275,,6.454185389823038e+24
2.389321468298109,,6.316104955996998e+24
2.395995550611791,,6.176175433472665e+24
2.402669632925473,,6.034651904353264e+24
2.4093437152391544,,5.891787393989526e+24
2.4160177975528367,,5.747832144657021e+24
2.4226918798665187,,5.60303291666008e+24
2.4293659621802,,5.457632319415806e+24
2.436040044493882,,5.311868174850773e+24
2.442714126807564,,5.165972915213117e+24
2.449388209121246,,5.020173017165754e+24
2.456062291434928,,4.874688473784511e+24
2.46273637374861,,4.7297323058390404e+24
2.4694104560622914,,4.585510113487439e+24
2.4760845383759733,,4.442219669267891e+24
2.4827586206896552,,4.300050553025386e+24
2.489432703003337,,4.1591838291692865e+24
2.496106785317019,,4.0197917664203993e+24
2.502780867630701,,3.8820375999751873e+24
2.5094549499443826,,3.746075335792001e+24
2.5161290322580645,,3.612049596489898e+24
2.5228031145717464,,3.4800955081469946e+24
2.5294771968854284,,3.350338627092643e+24
2.5361512791991103,,3.222894905607459e+24
2.5428253615127923,,3.097870695277625e+24
2.5494994438264738,,2.9753627865964705e+24
2.5561735261401557,,2.8554584832664946e+24
2.562847608453838,,2.738235709530265e+24
2.5695216907675196,,2.6237631487486184e+24
2.5761957730812015,,2.512100411349571e+24
2.5828698553948835,,2.4032982301917865e+24
2.589543937708565,,2.2973986813215297e+24
2.596218020022247,,2.1944354280523712e+24
2.6028921023359293,,2.094433986261633e+24
2.6095661846496108,,1.9974120087766289e+24
2.6162402669632927,,1.9033795867164096e+24
2.6229143492769746,,1.8123395656608767e+24
2.629588431590656,,1.7242878745374482e+24
2.636262513904338,,1.6392138651459772e+24
2.6429365962180205,,1.5571006602840774e+24
2.649610678531702,,1.47792550848686e+24
2.656284760845384,,1.4016601434562672e+24
2.662958843159066,,1.328271146325227e+24
2.6696329254727473,,1.2577203089792562e+24
2.6763070077864293,,1.1899649967425917e+24
2.6829810901001117,,1.1249585088261956e+24
2.689655172413793,,1.0626504350300416e+24
2.696329254727475,,1.0029870072915071e+24
2.703003337041157,,9.459114447741155e+23
2.7096774193548385,,8.913642912955123e+23
2.716351501668521,,8.39283743999931e+23
2.723025583982203,,7.896059722872875e+23
2.7296996662958843,,7.422654261178442e+23
2.7363737486095663,,6.971951329175591e+23
2.743047830923248,,6.543269824137216e+23
2.7497219132369297,,6.135919988330676e+23
2.756395995550612,,5.749205999944284e+23
2.763070077864294,,5.382428429246753e+23
2.7697441601779755,,5.034886557197901e+23
2.7764182424916575,,4.7058805546200825e+23
2.7830923248053394,,4.394713520885932e+23
2.789766407119021,,4.1006933818784046e+23
2.7964404894327033,,3.8231346477298735e+23
2.8031145717463852,,3.5613600315468214e+23
2.8097886540600667,,3.3147019309734785e+23
2.8164627363737487,,3.082503775042269e+23
2.8231368186874306,,2.8641212392981282e+23
2.8298109010011125,,2.6589233326700533e+23
2.8364849833147945,,2.4662933599957146e+23
2.8431590656284764,,2.2856297644841628e+23
2.849833147942158,,2.116346854730143e+23
2.85650723025584,,1.9578754211705258e+23
2.863181312569522,,1.809663247102538e+23
2.8698553948832037,,1.6711755195656444e+23
2.8765294771968857,,1.541895145526408e+23
2.8832035595105676,,1.4213229789008415e+23
2.889877641824249,,1.308977964004458e+23
2.896551724137931,,1.204397201038016e+23
2.903225806451613,,1.1071359392006541e+23
2.909899888765295,,1.016767502973629e+23
2.916573971078977,,9.328831570403502e+22
2.923248053392659,,8.550919152042313e+22
2.9299221357063403,,7.830202985384453e+22
2.9365962180200222,,7.16312047852757e+22
2.943270300333704,,6.5462779539567915e+22
2.949944382647386,,5.9764470052746825e+22
2.956618464961068,,5.450560539032194e+22
2.96329254727475,,4.965708544984452e+22
2.9699666295884315,,4.519133635938055e+22
2.9766407119021134,,4.10822639613464e+22
2.9833147942157954,,3.7305205748492134e+22
2.9899888765294773,,3.38368815958887e+22
2.9966629588431593,,3.0655343609757533e+22
3.003337041156841,,2.773992539104775e+22
3.0100111234705227,,2.5071190988935947e+22
3.0166852057842046,,2.263088379705715e+22
3.0233592880978866,,2.0401875623371073e+22
3.0300333704115685,,1.8368116143237842e+22
3.0367074527252504,,1.6514582924608018e+22
3.0433815350389324,,1.4827232194307572e+22
3.050055617352614,,1.3292950495272836e+22
3.0567296996662963,,1.1899507366331167e+22
3.0634037819799778,,1.063550915876068e+22
3.0700778642936597,,9.49035408743213e+21
3.0767519466073416,,8.454188598866419e+21
3.083426028921023,,7.517865124032057e+21
3.090100111234705,,6.672901270175644e+21
3.0967741935483875,,5.911440493414113e+21
3.103448275862069,,5.226214282214198e+21
3.110122358175751,,4.610505871222455e+21
3.116796440489433,,4.058115495174005e+21
3.1234705228031143,,3.563327183764764e+21
3.1301446051167963,,3.1208770903985996e+21
3.1368186874304786,,2.725923340578933e+21
3.14349276974416,,2.37401737937086e+21
3.150166852057842,,2.0610767917735236e+21
3.156840934371524,,1.7833595649773443e+21
3.1635150166852055,,1.5374397572907658e+21
3.1701890989988875,,1.3201845349687912e+21
3.17686318131257,,1.1287325352155627e+21
3.1835372636262513,,9.60473511225202e+20
3.1902113459399333,,8.130292132258096e+20
3.196885428253615,,6.842354580613275e+20
3.2035595105672967,,5.7212533884299254e+20
3.210233592880979,,4.749135255887787e+20
3.216907675194661,,3.909816075070168e+20
3.2235817575083425,,3.188644276330635e+20
3.2302558398220245,,2.572373608616366e+20
3.2369299221357064,,2.0490448699830537e+20
3.243604004449388,,1.607876112515973e+20
3.2502780867630703,,1.2391608557245753e+20
3.2569521690767522,,9.341738539332382e+19
3.2636262513904337,,6.85083975993181e+19
3.2703003337041157,,4.8487376955691565e+19
3.2769744160177976,,3.272652969665991e+19
3.283648498331479,,2.0665184531680563e+19
3.2903225806451615,,1.1803512927623608e+19
3.2969966629588434,,5.696762163012029e+18
3.303670745272525,,1.9499663086824842e+18
3.310344827586207,,2.1310195478341587e+17
3.317018909899889,,1.7665716519246464e+17
3.3236929922135707,,1.154282869149953e+18
3.3303670745272527,,7.886515507251951e+17
3.3370411568409346,,4276066061078619.5
3.343715239154616,,1.0402760647911345e+18
3.350389321468298,,2.6049009777868636e+18
3.35706340378198,,1.4330416395174026e+18
3.363737486095662,,1.8788133952485005e+17
3.370411568409344,,1.0487581939539106e+17
3.377085650723026,,8.21011214111985e+17
3.3837597330367073,,7.832809177300393e+17
3.3904338153503892,,3.617425386978617e+16
3.397107897664071,,4.5316312275919654e+17
3.403781979977753,,1.882299325458065e+18
3.410456062291435,,1.8249766449322314e+18
3.417130144605117,,4.7610905060491424e+17
3.4238042269187985,,7062766426138563.0
3.4304783092324804,,2.4996657459914102e+17
3.437152391546163,,8.264122010098825e+17
3.4438264738598443,,3.595683963626681e+17
3.4505005561735262,,3653938776215739.5
3.457174638487208,,4.079543561125213e+17
3.4638487208008897,,1.5099413039299535e+18
3.4705228031145716,,1.5301067380357942e+18
3.477196885428254,,6.534338397441242e+17
3.4838709677419355,,4.104207935760655e+16
3.4905450500556174,,4.36803190538046e+16
3.4972191323692994,,6.061462504866484e+17
3.503893214682981,,5.243385432081885e+17
3.510567296996663,,1.5140892984255862e+17
3.517241379310345,,2.7594355858439014e+17
3.5239154616240267,,6.292892087836125e+17
3.5305895439377086,,1.3682156225654612e+18
3.5372636262513906,,4.6901622783425363e+17
3.543937708565072,,8.692855893769638e+17
3.5506117908787544,,3.511689645837046e+16
3.5572858731924364,,8.619660625221349e+16
3.563959955506118,,1.4343537778939816e+17
3.5706340378198,,9.976177359581135e+17
3.5773081201334818,,6.057407289734245e+16
3.5839822024471633,,5.702662117295962e+16
3.5906562847608456,,1.837178489746553e+17
3.5973303670745276,,2.8828603770644485e+18
3.604004449388209,,7366297297691974.0
3.610678531701891,,2.8378759851777833e+18
3.617352614015573,,3.2649084314932915e+17
3.6240266963292544,,1.1174019133203026e+16
3.630700778642937,,4.7498696356996915e+17
3.6373748609566188,,5.5530952442262637e+17
3.6440489432703003,,1.1771289303948867e+18
3.650723025583982,,3.03293202756014e+17
3.657397107897664,,4.345592865524501e+16
3.664071190211346,,2.7307513069905686e+17
3.670745272525028,,5.865869369237802e+17
3.67741935483871,,1.7260338954582625e+18
3.6840934371523915,,2.4616778766925398e+17
3.6907675194660734,,4.55370749007444e+16
3.6974416017797553,,4.1870442737343974e+17
3.7041156840934373,,5.4991139920249736e+16
3.710789766407119,,2.0191150156947564e+18
3.717463848720801,,8.353365585536541e+17
3.7241379310344827,,3.2006733317769837e+17
3.7308120133481646,,7.80095034952292e+17
3.7374860956618465,,8.983946002455584e+17
3.7441601779755285,,3.183865899142709e+17
3.7508342602892104,,6.218426993421943e+17
3.7575083426028923,,3.082125896873035e+16
3.764182424916574,,1.5758769321655642e+18
3.770856507230256,,6.826090849913367e+17
3.7775305895439377,,3.4640590430586323e+17
3.7842046718576197,,2.5050709150378432e+17
3.7908787541713016,,8.908883393850486e+17
3.7975528364849835,,1.758747634982575e+17
3.804226918798665,,5.668427598990917e+17
3.810901001112347,,1.8456836053510518e+17
3.817575083426029,,1.016935867853766e+17
3.8242491657397104,,9993413402676090.0
3.8309232480533923,,4.8290868990387117e+17
3.837597330367075,,2.0716136622331843e+18
3.8442714126807567,,1.1036850026077155e+17
3.8509454949944386,,5.249131839732854e+16
3.8576195773081206,,1.4346498675098557e+18
3.864293659621802,,1.2462335097437005e+17
3.870967741935484,,2.2761092218572923e+18
3.877641824249166,,7.14982350644495e+17
3.8843159065628474,,2.9321226711258266e+17
3.8909899888765294,,4.272291083101544e+17
3.8976640711902113,,2.9440568169758428e+16
3.904338153503893,,1.8561328528135776e+17
3.9110122358175756,,1.3716020059019658e+17
3.9176863181312576,,2.679708439073195e+17
3.924360400444939,,1.9933634973921344e+18
3.931034482758621,,4.15410882612359e+17
3.937708565072303,,1.4350030933480256e+17
3.9443826473859844,,8.077937948519758e+16
3.9510567296996664,,3.503555125284986e+18
3.9577308120133483,,1.6809662738116483e+17
3.96440489432703,,1.350571438706592e+18
3.9710789766407117,,5.962153734854669e+17
3.9777530589543937,,8.395307628064598e+16
3.984427141268075,,1.1939638733540748e+16
3.991101223581758,,2.546599153303223e+17
3.99777530589544,,9.946130733898422e+16
4.004449388209122,,4.406985529005031e+17
4.011123470522803,,3.306558902791067e+17
4.017797552836485,,1.31990631459128e+18
4.024471635150167,,7.10385526230006e+17
4.031145717463849,,1.4829093507329196e+18
4.03781979977753,,2941239993182119.0
4.044493882091213,,4.780842966597329e+18
4.051167964404894,,2.0811368813178573e+17
4.057842046718576,,1.4100583532802545e+18
4.064516129032259,,3.119075329507483e+17
4.07119021134594,,1.4664659798064067e+18
4.077864293659622,,7570535997402347.0
4.084538375973304,,9.675545164393738e+17
4.091212458286986,,1396556338335493.2
4.097886540600667,,2.0785426901325773e+17
4.10456062291435,,1.7450377544369837e+17
4.111234705228031,,1.9846688911762908e+18
4.117908787541713,,148710392009066.9
4.124582869855395,,6.345626842134002e+17
4.1312569521690765,,6.342366412833068e+17
4.137931034482758,,4.5033713180229074e+18
4.144605116796441,,1.1567315581958264e+17
4.151279199110123,,5.6306103906737856e+17
4.157953281423804,,1.9199794679172612e+16
4.164627363737487,,1.1672046373743675e+18
4.171301446051168,,9990278424373152.0
4.17797552836485,,6.201288092983791e+17
4.184649610678532,,1.574250092015296e+17
4.1913236929922135,,3.1647587972419676e+16
4.197997775305895,,3495409729800126.5
4.204671857619577,,8.744576753359203e+17
4.211345939933259,,1.0472469891101394e+16
4.218020022246941,,1.509025716573232e+17
4.224694104560624,,6.291673107370008e+17
4.231368186874305,,2.591331805531274e+18
4.238042269187987,,924043337922876.4
4.244716351501669,,1.5703676235330906e+17
4.2513904338153505,,5.757227647865446e+17
4.258064516129032,,1.6945460262313761e+18
4.264738598442714,,1.0888475814641368e+16
4.271412680756396,,3.3185003759499866e+17
4.278086763070077,,2.861172695902276e+16
4.28476084538376,,4.562631436652191e+16
4.291434927697442,,2244527113652015.8
4.298109010011124,,5.4348141137640544e+17
4.304783092324806,,86973700422113.94
4.3114571746384875,,4.3245890161305005e+17
4.318131256952169,,148407736454773.4
4.324805339265851,,1.8119702068588214e+18
4.331479421579533,,6.542113309634121e+17
4.338153503893214,,4.4728951410869894e+17
4.344827586206897,,2.6603038578884806e+17
4.351501668520578,,2.1545713693699164e+18
4.35817575083426,,3.429254728149255e+17
4.364849833147942,,1584092576366053.8
4.3715239154616246,,1.939427410685418e+16
4.378197997775306,,1.949686760761598e+17
4.384872080088988,,5.820715897470029e+16
4.39154616240267,,5.6334628018721624e+16
4.398220244716351,,8.592360219615862e+16
4.404894327030034,,5.1005390225883334e+17
4.411568409343715,,2.816236251384321e+17
4.418242491657397,,1.2345185489983754e+18
4.424916573971079,,2.2770418816382054e+17
4.431590656284761,,1.8977697877277213e+17
4.438264738598442,,1.0118085832698672e+16
4.444938820912125,,1.5458916612700544e+18
4.451612903225807,,1.9940543668740045e+17
4.458286985539488,,4.001194553398123e+16
4.464961067853171,,7.652381587566686e+16
4.471635150166852,,1.4036255264194571e+17
4.478309232480534,,3.8359720728213997e+17
4.484983314794216,,3.013211625943105e+17
4.491657397107898,,42746057826582.805
4.498331479421579,,2.062729103816416e+17
4.505005561735262,,5.2288238791227437e+17
4.511679644048943,,7.609086806022515e+17
4.5183537263626254,,1.415395696662797e+17
4.525027808676308,,5.382934664442397e+17
4.531701890989989,,2.4723126906176765e+17
4.538375973303671,,2.331526712595403e+17
4.545050055617353,,9.060195502428806e+16
4.551724137931035,,3.346417606002274e+17
4.558398220244716,,1146081051411072.2
4.565072302558399,,668350129496138.2
4.57174638487208,,7.934703717172489e+17
4.578420467185762,,9.887379349314355e+17
4.585094549499444,,7.85972185205324e+16
4.5917686318131254,,4.946259865187835e+16
4.598442714126808,,1.8876321066329366e+17
4.60511679644049,,2.7638255924188755e+17
4.611790878754172,,3.209265967589958e+17
4.618464961067853,,4.825866652469183e+16
4.625139043381536,,2.5833064519816042e+17
4.631813125695217,,497397156987746.0
4.638487208008899,,2.1370379831563228e+16
4.645161290322581,,2.676708874491055e+16
4.6518353726362625,,1.0523742119268634e+17
4.658509454949944,,1.2636835787638646e+17
4.665183537263626,,2.047395490421762e+17
4.671857619577309,,2.2014832511653603e+17
4.67853170189099,,2.556255022038663e+17
4.685205784204673,,3506136251229635.0
4.691879866518354,,1.4531431799345773e+17
4.698553948832036,,8.465819538860298e+17
4.705228031145718,,1.3810497218083722e+18
4.7119021134593995,,3.1318473776530812e+16
4.718576195773081,,8.194660517257411e+16
4.725250278086763,,3.235232172734353e+16
4.731924360400445,,8.017922622445425e+17
4.738598442714126,,3.5773061895542748e+16
4.745272525027809,,2.4661115473405504e+17
4.751946607341491,,8.18393359558191e+16
4.758620689655173,,6630459479562.292
4.765294771968855,,3058999926985390.5
4.7719688542825365,,9.30198600018847e+16
4.778642936596218,,8.140216142716405e+16
4.7853170189099,,1.3538885025313947e+17
4.791991101223582,,1.162867078038761e+17
4.798665183537263,,2.999919213416404e+17
4.805339265850946,,1.2502299604494574e+16
4.812013348164627,,2.6250646069372944e+17
4.818687430478309,,433793764680552.5
4.825361512791992,,3.644340246986467e+16
4.8320355951056735,,4.024380873933289e+17
4.838709677419355,,4.940491826363377e+17
4.845383759733037,,4.634673585109857e+16
4.852057842046719,,7.298380331387274e+16
4.8587319243604,,6.506268004274994e+16
4.865406006674083,,2.085151962295411e+17
4.872080088987764,,2.123406031498107e+16
4.878754171301446,,5.606028082941003e+17
4.885428253615128,,6.746988065703219e+16
4.89210233592881,,2.086599671558146e+17
4.898776418242492,,4.6051692767377144e+16
4.905450500556174,,7999225788290716.0
4.912124582869856,,1.879201115189524e+17
4.918798665183537,,7.68437489670571e+16
4.92547274749722,,4.17743565082076e+17
4.932146829810901,,1.5451168674065232e+17
4.938820912124583,,5.659420522021893e+16
4.945494994438265,,1.0250620377597394e+17
4.952169076751947,,8.271696573349642e+16
4.958843159065628,,1.7642667590809955e+17
4.9655172413793105,,2.3715763747183268e+16
4.972191323692992,,673031696221775.2
4.978865406006674,,1.6360380790608896e+17
4.985539488320357,,6.633403507022059e+16
4.992213570634038,,2.2032044865501194e+17
4.99888765294772,,9.186372313603011e+16
5.005561735261402,,2.1094350999552186e+17
5.012235817575084,,5.431118557602758e+16
5.018909899888765,,1053472172989191.6
5.0255839822024475,,970177012894712.4
5.032258064516129,,1454350169185977.5
5.0389321468298105,,9.14007972073144e+16
5.045606229143493,,8848039030018060.0
5.052280311457175,,1.1001242200930734e+17
5.058954393770857,,1.8331166425282448e+17
5.065628476084539,,1.8326352873627037e+17
5.072302558398221,,139627391567374.3
5.078976640711902,,2.4757006285704186e+17
5.0856507230255845,,7.41038835601654e+17
5.092324805339266,,2.0956939912041776e+17
5.0989988876529475,,6.250739558383628e+16
5.10567296996663,,1246948949288170.5
5.112347052280311,,2.1376579891619706e+17
5.119021134593993,,9.656094597442114e+16
5.125695216907676,,1.2100703230457557e+17
5.132369299221358,,2430827674625404.5
5.139043381535039,,2.9953184109144176e+16
5.1457174638487215,,3295464239777.55
5.152391546162403,,1.0807371166499066e+16
5.1590656284760845,,1.7576482218030298e+17
5.165739710789767,,2.0789611788846963e+17
5.172413793103448,,4.211087041180842e+16
5.17908787541713,,9.753013363968802e+16
5.185761957730812,,1.214344377472181e+17
5.192436040044494,,394190856962537.3
5.199110122358175,,9372099120147156.0
5.2057842046718585,,3.436984720036452e+17
5.21245828698554,,7.957209529555816e+17
5.2191323692992215,,1.2940196850843664e+17
5.225806451612904,,472867502627796.06
5.232480533926585,,3267790870229471.0
5.239154616240267,,5.9185718220614856e+16
5.245828698553949,,2.5115081845933162e+17
5.252502780867631,,1.2104958469142734e+17
5.259176863181312,,1.2541566160590429e+17
5.265850945494995,,1.8769361467468172e+16
5.272525027808676,,1.0725884520099845e+17
5.2791991101223585,,2.4326299063931548e+16
5.285873192436041,,594051824759863.5
5.292547274749722,,1.0715307333755504e+17
5.299221357063404,,1.6752153536225283e+17
5.305895439377086,,9.678897140583594e+16
5.312569521690768,,1.416183948146809e+17
5.319243604004449,,4.307989851090135e+16
5.325917686318132,,7.847746817910243e+16
5.332591768631813,,2335124172653380.0
5.339265850945495,,2.434989294773281e+17
5.345939933259177,,2.947085659081261e+17
5.3526140155728585,,4.440983203144593e+16
5.359288097886541,,2.413349903520936e+16
5.365962180200223,,3.2111797110260934e+17
5.372636262513905,,6.276212008096863e+17
5.379310344827586,,7.748446049584646e+16
5.385984427141269,,6.500505700559711e+16
5.39265850945495,,2.8323153925966576e+16
5.399332591768632,,3.673462291282897e+16
5.406006674082314,,8.566726041575016e+16
5.4126807563959956,,196866359009086.4
5.419354838709677,,1.1981541852905738e+16
5.426028921023359,,3274325944705846.0
5.432703003337042,,2199324061643557.5
5.439377085650723,,367326993569036.75
5.446051167964406,,1.282668809309335e+16
5.452725250278087,,2.6579322139530064e+16
5.459399332591769,,3.710497530357628e+16
5.466073414905451,,1.027082677525467e+17
5.472747497219133,,5.500258356357122e+16
5.479421579532814,,4879841235391237.0
5.486095661846496,,3.485096775953238e+16
5.492769744160178,,2.664597709284121e+17
5.499443826473859,,4.4503376483128346e+17
5.506117908787543,,5.3538794376410554e+17
5.512791991101224,,7.155486354550069e+16
5.519466073414906,,1.5198781988158092e+16
5.526140155728588,,2.1662195207578616e+16
5.53281423804227,,3.1317707480751264e+17
5.539488320355951,,8.27641927818231e+16
5.5461624026696335,,1.1803946015783442e+16
5.552836484983315,,7787656210833631.0
5.559510567296996,,902211025739.4946
5.566184649610679,,163383143379844.5
5.57285873192436,,5391721305962624.0
5.579532814238042,,6.4582769242266856e+16
5.586206896551725,,5053441553578528.0
5.592880978865407,,3.5702624075789524e+16
5.599555061179088,,1.3998361438786218e+16
5.6062291434927705,,2.851801153373706e+17
5.612903225806452,,8.09304235392496e+16
5.6195773081201335,,9.706276379108693e+16
5.626251390433816,,4.5973535042725523e+17
5.632925472747497,,4.162372736102836e+17
5.639599555061179,,1.564096918589973e+17
5.646273637374861,,2.347354756601494e+16
5.652947719688543,,5039490932578284.0
5.659621802002225,,1.7164720442862346e+17
5.6662958843159075,,1.3176909025455416e+17
5.672969966629589,,3.3164678681319904e+16
5.6796440489432705,,1.363481944203122e+16
5.686318131256953,,4311175439563911.5
5.692992213570634,,3.5529399041080228e+16
5.699666295884316,,1.3829300017512426e+17
5.706340378197998,,4.3810593734078264e+16
5.71301446051168,,1374329891858846.5
5.719688542825361,,2.935047956986386e+17
5.726362625139044,,2.0964845438383402e+17
5.733036707452725,,1233521132517835.8
5.7397107897664075,,8.522499002836661e+16
5.74638487208009,,2.1001631252506624e+16
5.753058954393771,,1.2825602999114573e+17
5.759733036707453,,9.87636662516135e+16
5.766407119021135,,7.344872968270875e+16
5.773081201334817,,1.0267687736504125e+17
5.779755283648498,,1.6885119805164412e+16
5.786429365962181,,1.6824317796821878e+16
5.793103448275862,,4.4981258247255256e+16
5.799777530589544,,1.4386020703328902e+16
5.806451612903226,,2.5980066984049846e+17
5.813125695216908,,5.179706336303258e+17
5.81979977753059,,1.0710176013730709e+17
5.826473859844272,,1396081289434771.8
5.833147942157954,,4.0161408840013896e+16
5.839822024471635,,2004317758242910.2
5.846496106785318,,1.514223654809934e+16
5.853170189098999,,3.805171666940885e+16
5.859844271412681,,1.5483067508388954e+16
5.866518353726363,,8226609565945712.0
5.8731924360400445,,5.565071833961501e+16
5.879866518353726,,1.399058059137866e+16
5.886540600667408,,961642969952674.1
5.893214682981091,,4228577855675179.0
5.899888765294772,,9668491646568534.0
5.906562847608455,,3.9986011642893976e+16
5.913236929922136,,4981290711288612.0
5.919911012235818,,862014884224619.2
5.9265850945495,,5168477583865536.0
5.9332591768631815,,6200752817865523.0
5.939933259176863,,2.6771571595610778e+17
5.946607341490545,,3.964448888988868e+17
5.953281423804227,,2.2079003257447613e+17
5.959955506117908,,4.282028049006623e+16
5.966629588431591,,4810314828292111.0
5.973303670745273,,3.7048593084499416e+16
5.979977753058955,,1.1061552953916018e+16
5.986651835372636,,4.950394442052978e+16
5.9933259176863185,,3.963648570782307e+16
6.0,,1323550052182668.0
